{"cameraMode":{"drawMode":24,"name":"Light Overlap","section":"Baked Global Illumination"},"sceneLighting":false,"audioPlay":false,"sceneViewState":{"showFog":false,"showMaterialUpdate":true,"showSkybox":false,"showFlares":true,"showImageEffects":true,"showParticleSystems":true},"in2DMode":false,"pivot":{"x":74.63400268554688,"y":20.100000381469728,"z":126.63999938964844},"rotation":{"x":0.05233575403690338,"y":-0.26376527547836306,"z":0.014422859996557236,"w":0.9631046056747437},"size":1.0271306037902833,"orthographic":false}